768,24,27.6
768,580,27.6
768,587,27.6
796,580,27.6
750,24,27.6
750,71,27.6
750,167,27.6
750,170,27.6
750,176,27.6
750,179,27.6
750,290,27.6
750,290,27.6
750,292,27.6
750,352,27.6
750,357,27.6
750,358,27.6
750,365,27.6
750,368,27.6
750,528,27.6
750,568,27.6
750,568,27.6
750,580,27.6
750,580,27.6
750,582,27.6
750,587,27.6
750,587,27.6
750,669,27.6
750,669,27.6
816,368,27.6
817,368,27.6
818,568,27.6
819,290,27.6
819,358,27.6
820,290,27.6
820,358,27.6
820,568,27.6
821,290,27.6
821,580,27.6
776,608,27.6
776,610,27.6
776,627,27.6
776,627,27.6
776,630,27.6
776,632,27.6
776,651,27.6
836,651,27.6
837,651,27.6
838,610,27.6
839,651,27.6
840,651,27.6
841,651,27.6
846,651,27.6
847,610,27.6
848,610,27.6
849,651,27.6
858,441,27.6
858,441,27.6
743,441,27.6
743,441,27.6
864,368,27.6
772,24,27.6
772,170,27.6
772,368,27.6
772,568,27.6
772,580,27.6
772,587,27.6
864,290,27.6
864,358,27.6
864,528,27.6
864,568,27.6
865,568,27.6
864,179,27.6
864,292,27.6
864,669,27.6
866,176,27.6
866,290,27.6
866,290,27.6
866,352,27.6
866,357,27.6
866,358,27.6
866,669,27.6
867,582,27.6
790,528,27.6
785,441,27.6
785,441,27.6
785,459,27.6
785,528,27.6
785,568,27.6
875,441,27.6
876,71,27.6
877,24,27.6
877,71,27.6
878,528,27.6
879,441,27.6
880,441,27.6
792,441,27.6
884,24,27.6
884,368,27.6
884,516,27.6
884,528,27.6
884,528,27.6
885,528,27.6
762,24,27.6
762,71,27.6
762,290,27.6
762,358,27.6
762,441,27.6
762,528,27.6
762,568,27.6
762,568,27.6
887,24,27.6
887,71,27.6
888,24,27.6
888,71,27.6
889,568,27.6
890,441,27.6
891,24,27.6
891,71,27.6
891,290,27.6
891,358,27.6
892,24,27.6
892,71,27.6
893,24,27.6
893,71,27.6
894,24,27.6
760,441,27.6
760,441,27.6
760,459,27.6
760,459,27.6
895,441,27.6
896,441,27.6
897,441,27.6
898,441,27.6
899,441,27.6
903,449,27.6
904,449,27.6
905,449,27.6
907,588,27.6
916,24,27.6
916,71,27.6
761,568,27.6
761,568,27.6
761,580,27.6
761,587,27.6
772,528,27.6
772,568,27.6
772,580,27.6
772,587,27.6
937,580,27.6
786,441,27.6
786,441,27.6
786,459,27.6
786,459,27.6
786,587,27.6
971,441,27.6
748,441,27.6
748,441,27.6
748,459,27.6
748,459,27.6
748,587,27.6
978,627,27.6
978,630,27.6
979,627,27.6
979,630,27.6
980,610,27.6
980,627,27.6
980,630,27.6
981,627,27.6
981,630,27.6