797,60,28.683
750,12,28.683
750,29,28.683
750,38,28.683
750,44,28.683
750,52,28.683
750,72,28.683
750,74,28.683
750,94,28.683
750,111,28.683
750,137,28.683
750,143,28.683
750,159,28.683
750,161,28.683
750,166,28.683
750,173,28.683
750,175,28.683
750,177,28.683
750,215,28.683
750,236,28.683
750,251,28.683
750,255,28.683
750,279,28.683
750,282,28.683
750,293,28.683
750,297,28.683
750,300,28.683
750,314,28.683
750,321,28.683
750,329,28.683
750,332,28.683
750,335,28.683
750,338,28.683
750,353,28.683
750,356,28.683
750,369,28.683
750,403,28.683
750,406,28.683
750,478,28.683
750,515,28.683
750,527,28.683
750,555,28.683
750,566,28.683
750,579,28.683
750,586,28.683
750,595,28.683
750,599,28.683
750,657,28.683
750,659,28.683
750,660,28.683
750,666,28.683
750,674,28.683
750,681,28.683
750,705,28.683
750,730,28.683
733,681,28.683
732,681,28.683
776,444,28.683
776,456,28.683
776,601,28.683
776,613,28.683
776,621,28.683
776,631,28.683
776,633,28.683
776,634,28.683
776,636,28.683
776,645,28.683
776,647,28.683
776,655,28.683
850,456,28.683
858,437,28.683
858,450,28.683
858,456,28.683
863,681,28.683
864,356,28.683
864,527,28.683
864,705,28.683
772,566,28.683
772,579,28.683
772,586,28.683
772,595,28.683
772,705,28.683
868,177,28.683
870,566,28.683
871,681,28.683
785,56,28.683
785,210,28.683
785,227,28.683
785,242,28.683
785,262,28.683
785,268,28.683
785,279,28.683
785,295,28.683
785,318,28.683
785,364,28.683
785,372,28.683
785,403,28.683
785,448,28.683
785,508,28.683
785,518,28.683
882,372,28.683
882,724,28.683
882,726,28.683
883,372,28.683
883,724,28.683
883,726,28.683
792,465,28.683
884,161,28.683
884,527,28.683
886,601,28.683
762,2,28.683
762,6,28.683
762,11,28.683
762,12,28.683
762,21,28.683
762,26,28.683
762,28,28.683
762,29,28.683
762,34,28.683
762,38,28.683
762,43,28.683
762,44,28.683
762,49,28.683
762,52,28.683
762,55,28.683
762,56,28.683
762,60,28.683
762,62,28.683
762,64,28.683
762,68,28.683
762,70,28.683
762,72,28.683
762,74,28.683
762,79,28.683
762,86,28.683
762,93,28.683
762,94,28.683
762,110,28.683
762,111,28.683
762,115,28.683
762,119,28.683
762,121,28.683
762,147,28.683
762,171,28.683
762,177,28.683
762,192,28.683
762,210,28.683
762,214,28.683
762,216,28.683
762,220,28.683
762,222,28.683
762,227,28.683
762,230,28.683
762,253,28.683
762,258,28.683
762,262,28.683
762,265,28.683
762,278,28.683
762,279,28.683
762,282,28.683
762,285,28.683
762,287,28.683
762,308,28.683
762,312,28.683
762,314,28.683
762,317,28.683
762,318,28.683
762,321,28.683
762,325,28.683
762,336,28.683
762,342,28.683
762,344,28.683
762,353,28.683
762,361,28.683
762,369,28.683
762,371,28.683
762,372,28.683
762,375,28.683
762,403,28.683
762,413,28.683
762,419,28.683
762,435,28.683
762,478,28.683
762,495,28.683
762,496,28.683
762,497,28.683
762,500,28.683
762,505,28.683
762,508,28.683
762,518,28.683
762,523,28.683
762,534,28.683
762,535,28.683
762,541,28.683
762,544,28.683
762,548,28.683
762,549,28.683
762,597,28.683
762,599,28.683
762,673,28.683
762,681,28.683
762,711,28.683
762,714,28.683
762,723,28.683
760,468,28.683
775,566,28.683
906,566,28.683
908,705,28.683
771,705,28.683
909,705,28.683
920,681,28.683
782,6,28.683
782,147,28.683
782,171,28.683
782,210,28.683
782,214,28.683
782,216,28.683
782,220,28.683
782,222,28.683
782,262,28.683
782,278,28.683
782,279,28.683
782,282,28.683
782,285,28.683
782,287,28.683
782,321,28.683
782,336,28.683
782,342,28.683
782,353,28.683
782,369,28.683
782,371,28.683
782,375,28.683
782,478,28.683
782,495,28.683
782,496,28.683
782,497,28.683
782,500,28.683
782,505,28.683
782,508,28.683
782,518,28.683
782,523,28.683
782,534,28.683
782,535,28.683
782,541,28.683
782,548,28.683
782,549,28.683
782,597,28.683
782,599,28.683
782,673,28.683
782,723,28.683
922,210,28.683
922,308,28.683
922,375,28.683
922,497,28.683
785,12,28.683
785,29,28.683
785,34,28.683
785,38,28.683
785,52,28.683
785,55,28.683
785,68,28.683
785,70,28.683
785,72,28.683
785,74,28.683
785,79,28.683
783,681,28.683
928,681,28.683
791,222,28.683
791,224,28.683
791,227,28.683
791,478,28.683
791,714,28.683
791,717,28.683
791,723,28.683
791,728,28.683
791,730,28.683
931,224,28.683
932,227,28.683
761,705,28.683
761,566,28.683
933,566,28.683
933,705,28.683
955,601,28.683
955,613,28.683
955,655,28.683
956,451,28.683
961,444,28.683
765,705,28.683
965,705,28.683
749,705,28.683
769,705,28.683
795,705,28.683
786,2,28.683
786,79,28.683
786,222,28.683
786,300,28.683
786,304,28.683
786,318,28.683
786,344,28.683
786,361,28.683
786,419,28.683
748,2,28.683
748,222,28.683
748,300,28.683
748,304,28.683
748,318,28.683
748,344,28.683
748,361,28.683
748,419,28.683
974,318,28.683
975,6,28.683
975,62,28.683
975,74,28.683
975,85,28.683
975,111,28.683