750,578,29.867
776,625,29.867
842,625,29.867
843,625,29.867
844,625,29.867
845,625,29.867
851,625,29.867
772,578,29.867
761,578,29.867
786,578,29.867
748,578,29.867
768,24,27.6
768,580,27.6
768,587,27.6
796,580,27.6
750,24,27.6
750,71,27.6
750,167,27.6
750,170,27.6
750,176,27.6
750,179,27.6
750,290,27.6
750,290,27.6
750,292,27.6
750,352,27.6
750,357,27.6
750,358,27.6
750,365,27.6
750,368,27.6
750,528,27.6
750,568,27.6
750,568,27.6
750,580,27.6
750,580,27.6
750,582,27.6
750,587,27.6
750,587,27.6
750,669,27.6
750,669,27.6
816,368,27.6
817,368,27.6
818,568,27.6
819,290,27.6
819,358,27.6
820,290,27.6
820,358,27.6
820,568,27.6
821,290,27.6
821,580,27.6
776,608,27.6
776,610,27.6
776,627,27.6
776,627,27.6
776,630,27.6
776,632,27.6
776,651,27.6
836,651,27.6
837,651,27.6
838,610,27.6
839,651,27.6
840,651,27.6
841,651,27.6
846,651,27.6
847,610,27.6
848,610,27.6
849,651,27.6
858,441,27.6
858,441,27.6
743,441,27.6
743,441,27.6
864,368,27.6
772,24,27.6
772,170,27.6
772,368,27.6
772,568,27.6
772,580,27.6
772,587,27.6
864,290,27.6
864,358,27.6
864,528,27.6
864,568,27.6
865,568,27.6
864,179,27.6
864,292,27.6
864,669,27.6
866,176,27.6
866,290,27.6
866,290,27.6
866,352,27.6
866,357,27.6
866,358,27.6
866,669,27.6
867,582,27.6
790,528,27.6
785,441,27.6
785,441,27.6
785,459,27.6
785,528,27.6
785,568,27.6
875,441,27.6
876,71,27.6
877,24,27.6
877,71,27.6
878,528,27.6
879,441,27.6
880,441,27.6
792,441,27.6
884,24,27.6
884,368,27.6
884,516,27.6
884,528,27.6
884,528,27.6
885,528,27.6
762,24,27.6
762,71,27.6
762,290,27.6
762,358,27.6
762,441,27.6
762,528,27.6
762,568,27.6
762,568,27.6
887,24,27.6
887,71,27.6
888,24,27.6
888,71,27.6
889,568,27.6
890,441,27.6
891,24,27.6
891,71,27.6
891,290,27.6
891,358,27.6
892,24,27.6
892,71,27.6
893,24,27.6
893,71,27.6
894,24,27.6
760,441,27.6
760,441,27.6
760,459,27.6
760,459,27.6
895,441,27.6
896,441,27.6
897,441,27.6
898,441,27.6
899,441,27.6
903,449,27.6
904,449,27.6
905,449,27.6
907,588,27.6
916,24,27.6
916,71,27.6
761,568,27.6
761,568,27.6
761,580,27.6
761,587,27.6
772,528,27.6
772,568,27.6
772,580,27.6
772,587,27.6
937,580,27.6
786,441,27.6
786,441,27.6
786,459,27.6
786,459,27.6
786,587,27.6
971,441,27.6
748,441,27.6
748,441,27.6
748,459,27.6
748,459,27.6
748,587,27.6
978,627,27.6
978,630,27.6
979,627,27.6
979,630,27.6
980,610,27.6
980,627,27.6
980,630,27.6
981,627,27.6
981,630,27.6
754,573,27.626
750,513,27.626
750,521,27.626
750,561,27.626
750,573,27.626
750,573,27.626
750,573,27.626
750,585,27.626
750,590,27.626
750,594,27.626
750,637,27.626
750,656,27.626
750,665,27.626
750,668,27.626
750,670,27.626
750,671,27.626
860,652,27.626
864,561,27.626
864,573,27.626
864,573,27.626
864,573,27.626
864,585,27.626
864,590,27.626
864,594,27.626
772,513,27.626
772,521,27.626
772,561,27.626
772,573,27.626
772,573,27.626
772,573,27.626
772,585,27.626
772,590,27.626
772,594,27.626
865,590,27.626
864,668,27.626
866,656,27.626
866,665,27.626
866,670,27.626
866,671,27.626
761,590,27.626
764,637,27.626
959,637,27.626
960,637,27.626
962,637,27.626
786,561,27.626
786,573,27.626
786,573,27.626
786,573,27.626
786,585,27.626
786,590,27.626
786,594,27.626
797,60,28.683
750,12,28.683
750,29,28.683
750,38,28.683
750,44,28.683
750,52,28.683
750,72,28.683
750,74,28.683
750,94,28.683
750,111,28.683
750,137,28.683
750,143,28.683
750,159,28.683
750,161,28.683
750,166,28.683
750,173,28.683
750,175,28.683
750,177,28.683
750,215,28.683
750,236,28.683
750,251,28.683
750,255,28.683
750,279,28.683
750,282,28.683
750,293,28.683
750,297,28.683
750,300,28.683
750,314,28.683
750,321,28.683
750,329,28.683
750,332,28.683
750,335,28.683
750,338,28.683
750,353,28.683
750,356,28.683
750,369,28.683
750,403,28.683
750,406,28.683
750,478,28.683
750,515,28.683
750,527,28.683
750,555,28.683
750,566,28.683
750,579,28.683
750,586,28.683
750,595,28.683
750,599,28.683
750,657,28.683
750,659,28.683
750,660,28.683
750,666,28.683
750,674,28.683
750,681,28.683
750,705,28.683
750,730,28.683
733,681,28.683
732,681,28.683
776,444,28.683
776,456,28.683
776,601,28.683
776,613,28.683
776,621,28.683
776,631,28.683
776,633,28.683
776,634,28.683
776,636,28.683
776,645,28.683
776,647,28.683
776,655,28.683
850,456,28.683
858,437,28.683
858,450,28.683
858,456,28.683
863,681,28.683
864,356,28.683
864,527,28.683
864,705,28.683
772,566,28.683
772,579,28.683
772,586,28.683
772,595,28.683
772,705,28.683
868,177,28.683
870,566,28.683
871,681,28.683
785,56,28.683
785,210,28.683
785,227,28.683
785,242,28.683
785,262,28.683
785,268,28.683
785,279,28.683
785,295,28.683
785,318,28.683
785,364,28.683
785,372,28.683
785,403,28.683
785,448,28.683
785,508,28.683
785,518,28.683
882,372,28.683
882,724,28.683
882,726,28.683
883,372,28.683
883,724,28.683
883,726,28.683
792,465,28.683
884,161,28.683
884,527,28.683
886,601,28.683
762,2,28.683
762,6,28.683
762,11,28.683
762,12,28.683
762,21,28.683
762,26,28.683
762,28,28.683
762,29,28.683
762,34,28.683
762,38,28.683
762,43,28.683
762,44,28.683
762,49,28.683
762,52,28.683
762,55,28.683
762,56,28.683
762,60,28.683
762,62,28.683
762,64,28.683
762,68,28.683
762,70,28.683
762,72,28.683
762,74,28.683
762,79,28.683
762,86,28.683
762,93,28.683
762,94,28.683
762,110,28.683
762,111,28.683
762,115,28.683
762,119,28.683
762,121,28.683
762,147,28.683
762,171,28.683
762,177,28.683
762,192,28.683
762,210,28.683
762,214,28.683
762,216,28.683
762,220,28.683
762,222,28.683
762,227,28.683
762,230,28.683
762,253,28.683
762,258,28.683
762,262,28.683
762,265,28.683
762,278,28.683
762,279,28.683
762,282,28.683
762,285,28.683
762,287,28.683
762,308,28.683
762,312,28.683
762,314,28.683
762,317,28.683
762,318,28.683
762,321,28.683
762,325,28.683
762,336,28.683
762,342,28.683
762,344,28.683
762,353,28.683
762,361,28.683
762,369,28.683
762,371,28.683
762,372,28.683
762,375,28.683
762,403,28.683
762,413,28.683
762,419,28.683
762,435,28.683
762,478,28.683
762,495,28.683
762,496,28.683
762,497,28.683
762,500,28.683
762,505,28.683
762,508,28.683
762,518,28.683
762,523,28.683
762,534,28.683
762,535,28.683
762,541,28.683
762,544,28.683
762,548,28.683
762,549,28.683
762,597,28.683
762,599,28.683
762,673,28.683
762,681,28.683
762,711,28.683
762,714,28.683
762,723,28.683
760,468,28.683
775,566,28.683
906,566,28.683
908,705,28.683
771,705,28.683
909,705,28.683
920,681,28.683
782,6,28.683
782,147,28.683
782,171,28.683
782,210,28.683
782,214,28.683
782,216,28.683
782,220,28.683
782,222,28.683
782,262,28.683
782,278,28.683
782,279,28.683
782,282,28.683
782,285,28.683
782,287,28.683
782,321,28.683
782,336,28.683
782,342,28.683
782,353,28.683
782,369,28.683
782,371,28.683
782,375,28.683
782,478,28.683
782,495,28.683
782,496,28.683
782,497,28.683
782,500,28.683
782,505,28.683
782,508,28.683
782,518,28.683
782,523,28.683
782,534,28.683
782,535,28.683
782,541,28.683
782,548,28.683
782,549,28.683
782,597,28.683
782,599,28.683
782,673,28.683
782,723,28.683
922,210,28.683
922,308,28.683
922,375,28.683
922,497,28.683
785,12,28.683
785,29,28.683
785,34,28.683
785,38,28.683
785,52,28.683
785,55,28.683
785,68,28.683
785,70,28.683
785,72,28.683
785,74,28.683
785,79,28.683
783,681,28.683
928,681,28.683
791,222,28.683
791,224,28.683
791,227,28.683
791,478,28.683
791,714,28.683
791,717,28.683
791,723,28.683
791,728,28.683
791,730,28.683
931,224,28.683
932,227,28.683
761,705,28.683
761,566,28.683
933,566,28.683
933,705,28.683
955,601,28.683
955,613,28.683
955,655,28.683
956,451,28.683
961,444,28.683
765,705,28.683
965,705,28.683
749,705,28.683
769,705,28.683
795,705,28.683
786,2,28.683
786,79,28.683
786,222,28.683
786,300,28.683
786,304,28.683
786,318,28.683
786,344,28.683
786,361,28.683
786,419,28.683
748,2,28.683
748,222,28.683
748,300,28.683
748,304,28.683
748,318,28.683
748,344,28.683
748,361,28.683
748,419,28.683
974,318,28.683
975,6,28.683
975,62,28.683
975,74,28.683
975,85,28.683
975,111,28.683
750,5,28.539
750,32,28.539
750,35,28.539
750,75,28.539
750,77,28.539
750,116,28.539
750,120,28.539
750,144,28.539
750,146,28.539
750,174,28.539
750,225,28.539
750,291,28.539
750,345,28.539
750,470,28.539
750,502,28.539
750,512,28.539
750,560,28.539
750,569,28.539
750,581,28.539
750,672,28.539
750,706,28.539
772,569,28.539
772,581,28.539
785,180,28.539
785,217,28.539
785,269,28.539
785,301,28.539
785,340,28.539
785,345,28.539
785,377,28.539
785,533,28.539
785,712,28.539
785,719,28.539
881,180,28.539
881,217,28.539
881,269,28.539
881,301,28.539
881,340,28.539
881,345,28.539
881,377,28.539
881,533,28.539
881,712,28.539
881,719,28.539
884,138,28.539
884,275,28.539
884,340,28.539
884,509,28.539
762,9,28.539
762,14,28.539
762,22,28.539
762,31,28.539
762,32,28.539
762,35,28.539
762,37,28.539
762,41,28.539
762,59,28.539
762,66,28.539
762,75,28.539
762,97,28.539
762,98,28.539
762,107,28.539
762,114,28.539
762,116,28.539
762,225,28.539
762,231,28.539
762,250,28.539
762,259,28.539
902,447,28.539
760,442,28.539
760,464,28.539
760,470,28.539
760,471,28.539
900,470,28.539
901,464,28.539
949,553,28.539
950,615,28.539
950,622,28.539
951,615,28.539
952,455,28.539
953,682,28.539
786,530,28.539
786,672,28.539
748,530,28.539
748,672,28.539
750,168,29.557
750,571,29.557
776,462,29.557
776,614,29.557
776,646,29.557
850,462,29.557
861,40,29.557
870,571,29.557
785,4,29.557
882,378,29.557
775,591,29.557
771,684,29.557
911,709,29.557
791,193,29.557
761,591,29.557
933,591,29.557
955,653,29.557
957,139,29.557
961,445,29.557
765,709,29.557
749,709,29.557
769,709,29.557
759,709,29.557
786,105,29.557